"entry_id","site_id","channel_id","author_id","forum_topic_id","ip_address","title","url_title","status","status_id","versioning_enabled","view_count_one","view_count_two","view_count_three","view_count_four","allow_comments","sticky","entry_date","year","month","day","expiration_date","comment_expiration_date","edit_date","recent_comment_date","comment_total","pg_filename","pg_unique_name","pg_air_supply_number","pg_keltec_number","pg_oem_name","pg_oem_number","pg_item_description","pg_xrow","pg_price","pg_inventory_type","pg_chicopee_number",
"220870","1","47","1","","174.100.114.154","202110200000001","202110200000001","open","1","n","0","0","0","0","n","n","1643469526","2022","01","29","0","0","1643469526","","0","","","KA185-037","KA185-037","ABAC AMERICAN","2236105706","ELEMENT - AIR","","","","",
"220871","1","47","1","","174.100.114.154","202110200000002","202110200000002","open","1","n","0","0","0","0","n","n","1643469526","2022","01","29","0","0","1643469526","","0","","","FHE928QE-PB","KV150-034","ABAC AMERICAN","2236105717","AIR/OIL SEPARATOR","","","","",
"220872","1","47","1","","174.100.114.154","202110200000003","202110200000003","open","1","n","0","0","0","0","n","n","1643469526","2022","01","29","0","0","1643469526","","0","","","KL685-007","KL685-007","ABAC AMERICAN","2236105734","ELEMENT - OIL","","","","",
"220873","1","47","1","","174.100.114.154","202110200000004","202110200000004","open","1","n","0","0","0","0","n","n","1643469526","2022","01","29","0","0","1643469526","","0","","","KV90-021P","KV90-021P","ABAC AMERICAN","2236105746","AIR/OIL SEPARATOR","","","","",
"220874","1","47","1","","174.100.114.154","202110200000005","202110200000005","open","1","n","0","0","0","0","n","n","1643469526","2022","01","29","0","0","1643469526","","0","","","KV175-039","KV175-039","ABAC AMERICAN","2236105752","AIR/OIL SEPARATOR","","","","",
"220875","1","47","1","","174.100.114.154","202110200000006","202110200000006","open","1","n","0","0","0","0","n","n","1643469526","2022","01","29","0","0","1643469526","","0","","","KD490-006","KD490-006","ABAC AMERICAN","2236105772","AIR/OIL SEPARATOR","","","","",
"220876","1","47","1","","174.100.114.154","202110200000007","202110200000007","open","1","n","0","0","0","0","n","n","1643469526","2022","01","29","0","0","1643469526","","0","","","18-2057","KL235-006","ABAC AMERICAN","2236105773","ELEMENT - OIL","","","","",
"220877","1","47","1","","174.100.114.154","202110200000008","202110200000008","open","1","n","0","0","0","0","n","n","1643469526","2022","01","29","0","0","1643469526","","0","","","KD610-008","KD610-008","ABAC AMERICAN","2236105790","AIR/OIL SEPARATOR","","","","",
"220878","1","47","1","","174.100.114.154","202110200000009","202110200000009","open","1","n","0","0","0","0","n","n","1643469526","2022","01","29","0","0","1643469526","","0","","","KV265-018","KV265-018","ABAC AMERICAN","2236105885","AIR/OIL SEPARATOR","","","","",
"220879","1","47","1","","174.100.114.154","202110200000010","202110200000010","open","1","n","0","0","0","0","n","n","1643469526","2022","01","29","0","0","1643469526","","0","","","18-2057","KL235-006","ABAC AMERICAN","2236105973","ELEMENT - OIL","","","","",
"220880","1","47","1","","174.100.114.154","202110200000011","202110200000011","open","1","n","0","0","0","0","n","n","1643469526","2022","01","29","0","0","1643469526","","0","","","18-2057","KL235-006","ABAC AMERICAN","2236106018","ELEMENT - OIL","","","","",
"220881","1","47","1","","174.100.114.154","202110200000012","202110200000012","open","1","n","0","0","0","0","n","n","1643469526","2022","01","29","0","0","1643469526","","0","","","KD490-006","KD490-006","ABAC AMERICAN","2236106026","AIR/OIL SEPARATOR","","","","",
"220882","1","47","1","","174.100.114.154","202110200000013","202110200000013","open","1","n","0","0","0","0","n","n","1643469526","2022","01","29","0","0","1643469526","","0","","","KD610-008","KD610-008","ABAC AMERICAN","2236106027","AIR/OIL SEPARATOR","","","","",
"220883","1","47","1","","174.100.114.154","202110200000014","202110200000014","open","1","n","0","0","0","0","n","n","1643469526","2022","01","29","0","0","1643469526","","0","","","KV90-021P","KV90-021P","ABAC AMERICAN","2236106028","AIR/OIL SEPARATOR","","","","",
"220884","1","47","1","","174.100.114.154","202110200000015","202110200000015","open","1","n","0","0","0","0","n","n","1643469526","2022","01","29","0","0","1643469526","","0","","","KV175-039","KV175-039","ABAC AMERICAN","2236106029","AIR/OIL SEPARATOR","","","","",
"220885","1","47","1","","174.100.114.154","202110200000016","202110200000016","open","1","n","0","0","0","0","n","n","1643469526","2022","01","29","0","0","1643469526","","0","","","KV150-034","KV150-034","ABAC AMERICAN","2236106030","AIR/OIL SEPARATOR","","","","",
"220886","1","47","1","","174.100.114.154","202110200000017","202110200000017","open","1","n","0","0","0","0","n","n","1643469526","2022","01","29","0","0","1643469526","","0","","","KV295-018","KV295-018","ABAC AMERICAN","2236106057","AIR/OIL SEPARATOR","","","","",
"220887","1","47","1","","174.100.114.154","202110200000018","202110200000018","open","1","n","0","0","0","0","n","n","1643469526","2022","01","29","0","0","1643469526","","0","","","KV295-018","KV295-018","ABAC AMERICAN","2236106062","AIR/OIL SEPARATOR","","","","",
"220888","1","47","1","","174.100.114.154","202110200000019","202110200000019","open","1","n","0","0","0","0","n","n","1643469526","2022","01","29","0","0","1643469526","","0","","","KC205-027","KC205-027","ABAC AMERICAN","2236109227","ELEMENT - AIR","","","","",
"220889","1","47","1","","174.100.114.154","202110200000020","202110200000020","open","1","n","0","0","0","0","n","n","1643469526","2022","01","29","0","0","1643469526","","0","","","18-2057","KL235-006","ABAC AMERICAN","2236109228","ELEMENT - OIL","","","","",
"220890","1","47","1","","174.100.114.154","202110200000021","202110200000021","open","1","n","0","0","0","0","n","n","1643469526","2022","01","29","0","0","1643469526","","0","","","KL685-007","KL685-007","ABAC AMERICAN","2236109229","ELEMENT - OIL","","","","",
"220891","1","47","1","","174.100.114.154","202110200000022","202110200000022","open","1","n","0","0","0","0","n","n","1643469526","2022","01","29","0","0","1643469526","","0","","","KD610-008","KD610-008","ABAC AMERICAN","2236109231","AIR/OIL SEPARATOR","","","","",
"220892","1","47","1","","174.100.114.154","202110200000023","202110200000023","open","1","n","0","0","0","0","n","n","1643469526","2022","01","29","0","0","1643469526","","0","","","KD690-006","KD690-006","ABAC AMERICAN","2236109232","AIR/OIL SEPARATOR","","","","",
"220893","1","47","1","","174.100.114.154","202110200000024","202110200000024","open","1","n","0","0","0","0","n","n","1643469526","2022","01","29","0","0","1643469526","","0","","","KL685-007","KL685-007","ABAC AMERICAN","2236109299","ELEMENT - OIL","","","","",
"220894","1","47","1","","174.100.114.154","202110200000025","202110200000025","open","1","n","0","0","0","0","n","n","1643469526","2022","01","29","0","0","1643469526","","0","","","KD690-006","KD690-006","ABAC AMERICAN","2236109643","AIR/OIL SEPARATOR","","","","",
"220895","1","47","1","","174.100.114.154","202110200000026","202110200000026","open","1","n","0","0","0","0","n","n","1643469526","2022","01","29","0","0","1643469526","","0","","","FMA06050VE-CB","KP55-005","ABAC AMERICAN","2258290000","COALESCING ELEMENT","","","","",
"220896","1","47","1","","174.100.114.154","202110200000027","202110200000027","open","1","n","0","0","0","0","n","n","1643469526","2022","01","29","0","0","1643469526","","0","","","KP55-007","KP55-007","ABAC AMERICAN","2258290001","COALESCING ELEMENT","","","","",
"220897","1","47","1","","174.100.114.154","202110200000028","202110200000028","open","1","n","0","0","0","0","n","n","1643469526","2022","01","29","0","0","1643469526","","0","","","FMA06050AC-AB","KP55-004","ABAC AMERICAN","2258290002","COALESCING ELEMENT","","","","",
"220898","1","47","1","","174.100.114.154","202110200000029","202110200000029","open","1","n","0","0","0","0","n","n","1643469526","2022","01","29","0","0","1643469526","","0","","","FMA06050QE-PB","KP55-006","ABAC AMERICAN","2258290003","COALESCING ELEMENT","","","","",
"220899","1","47","1","","174.100.114.154","202110200000030","202110200000030","open","1","n","0","0","0","0","n","n","1643469526","2022","01","29","0","0","1643469526","","0","","","FMA07050VE-CB","KP66-021","ABAC AMERICAN","2258290004","COALESCING ELEMENT","","","","",
"220900","1","47","1","","174.100.114.154","202110200000031","202110200000031","open","1","n","0","0","0","0","n","n","1643469526","2022","01","29","0","0","1643469526","","0","","","FMA07050XE-CB","KP66-023","ABAC AMERICAN","2258290005","COALESCING ELEMENT","","","","",
"220901","1","47","1","","174.100.114.154","202110200000032","202110200000032","open","1","n","0","0","0","0","n","n","1643469526","2022","01","29","0","0","1643469526","","0","","","FMA07050AC-AB","KP66-020","ABAC AMERICAN","2258290006","COALESCING ELEMENT","","","","",
"220902","1","47","1","","174.100.114.154","202110200000033","202110200000033","open","1","n","0","0","0","0","n","n","1643469526","2022","01","29","0","0","1643469526","","0","","","FMA07050QE-PB","KP66-020","ABAC AMERICAN","2258290007","COALESCING ELEMENT","","","","",
"220903","1","47","1","","174.100.114.154","202110200000034","202110200000034","open","1","n","0","0","0","0","n","n","1643469526","2022","01","29","0","0","1643469526","","0","","","FMA12075AC-AB","KP88-026","ABAC AMERICAN","2258290014","COALESCING ELEMENT","","","","",
"220904","1","47","1","","174.100.114.154","202110200000035","202110200000035","open","1","n","0","0","0","0","n","n","1643469526","2022","01","29","0","0","1643469526","","0","","","KV90-021P","KV90-021P","ABAC AMERICAN","2901320010","AIR/OIL SEPARATOR","","","","",
"220905","1","47","1","","174.100.114.154","202110200000036","202110200000036","open","1","n","0","0","0","0","n","n","1643469526","2022","01","29","0","0","1643469526","","0","","","KV175-039","KV175-039","ABAC AMERICAN","2901320019","AIR/OIL SEPARATOR","","","","",
"220906","1","47","1","","174.100.114.154","202110200000037","202110200000037","open","1","n","0","0","0","0","n","n","1643469526","2022","01","29","0","0","1643469526","","0","","","KV150-034","KV150-034","ABAC AMERICAN","2901320020","AIR/OIL SEPARATOR","","","","",
"220907","1","47","1","","174.100.114.154","202110200000038","202110200000038","open","1","n","0","0","0","0","n","n","1643469526","2022","01","29","0","0","1643469526","","0","","","KV265-018","KV265-018","ABAC AMERICAN","2901320044","AIR/OIL SEPARATOR","","","","",
"220908","1","47","1","","174.100.114.154","202110200000039","202110200000039","open","1","n","0","0","0","0","n","n","1643469526","2022","01","29","0","0","1643469526","","0","","","KV90-021P","KV90-021P","ABAC AMERICAN","2901320137","AIR/OIL SEPARATOR","","","","",
"220909","1","47","1","","174.100.114.154","202110200000040","202110200000040","open","1","n","0","0","0","0","n","n","1643469526","2022","01","29","0","0","1643469526","","0","","","KV175-039","KV175-039","ABAC AMERICAN","2901320138","AIR/OIL SEPARATOR","","","","",
"220910","1","47","1","","174.100.114.154","202110200000041","202110200000041","open","1","n","0","0","0","0","n","n","1643469526","2022","01","29","0","0","1643469526","","0","","","KD125-012","KD125-012","ABAC AMERICAN","8234052","AIR/OIL SEPARATOR","","","","",
"220911","1","47","1","","174.100.114.154","202110200000042","202110200000042","open","1","n","0","0","0","0","n","n","1643469526","2022","01","29","0","0","1643469526","","0","","","09-01361","KD150-020","ABAC AMERICAN","8234053","AIR/OIL SEPARATOR","","","","",
"220912","1","47","1","","174.100.114.154","202110200000043","202110200000043","open","1","n","0","0","0","0","n","n","1643469526","2022","01","29","0","0","1643469526","","0","","","01-03078","KV90-021P","ABAC AMERICAN","8234074","AIR/OIL SEPARATOR","","","","",
"220913","1","47","1","","174.100.114.154","202110200000044","202110200000044","open","1","n","0","0","0","0","n","n","1643469526","2022","01","29","0","0","1643469526","","0","","","01-03076","KV175-039","ABAC AMERICAN","8234089","AIR/OIL SEPARATOR","","","","",
"220914","1","47","1","","174.100.114.154","202110200000045","202110200000045","open","1","n","0","0","0","0","n","n","1643469526","2022","01","29","0","0","1643469526","","0","","","KV150-034","KV150-034","ABAC AMERICAN","8234096","AIR/OIL SEPARATOR","","","","",
